dataset,accuracy,F1-E,F1-C,F1-N
StressTest,0.3544536271808999,0.15659955257270694,0.4923954372623574,0.2709867452135493
RTE_Quant,0.8,0.8000000000000002,-,0.8000000000000002
AWPNLI,0.5348837209302325,0.42553191489361697,0.6282051282051282,0.0
NewsNLI,0.5803108808290155,0.5621621621621622,-,0.5970149253731343
RedditNLI,0.4583333333333333,0.68,0.3478260869565218,0.08695652173913043
EQUATE,0.4116856950973808,0.3374689826302729,0.5069049553208773,0.3506907545164718
