dataset,accuracy,F1-E,F1-C,F1-N
StressTest,0.9304531085353003,0.9142857142857141,0.9603283173734609,0.9087523277467412
RTE_Quant,0.7,0.7272727272727272,-,0.6666666666666665
AWPNLI,0.9520958083832335,0.951219512195122,0.9529411764705883,-
NewsNLI,0.6363636363636364,0.6595744680851064,-,0.6097560975609756
RedditNLI,0.6101694915254238,0.7894736842105262,0.35294117647058826,0.24
EQUATE,0.8963079340141398,0.8841025641025642,0.9477124183006536,0.8422664624808576
