dataset,accuracy,F1-E,F1-C,F1-N
StressTest,0.3321385902031063,0.23277909738717342,0.48009367681498827,0.12030075187969926
RTE_Quant,0.7,0.6086956521739131,-,0.7567567567567567
AWPNLI,0.6111111111111112,0.6153846153846154,0.6455696202531646,0.0
NewsNLI,0.49074074074074076,0.12698412698412698,-,0.6405228758169934
RedditNLI,0.2608695652173913,0.30303030303030304,0.34782608695652173,0.16666666666666663
EQUATE,0.3996901626646011,0.308300395256917,0.5024154589371981,0.35279187817258884
