dataset,accuracy,F1-E,F1-C,F1-N
StressTest,0.3599013968775678,0.17883211678832117,0.5236728837876614,0.0975609756097561
RTE_Quant,0.65,0.5,-,0.7307692307692308
AWPNLI,0.5810055865921788,0.5714285714285714,0.6222222222222222,0.0
NewsNLI,0.4811715481171548,0.21518987341772153,-,0.6125
RedditNLI,0.3442622950819672,0.4912280701754386,0.3333333333333333,0.14634146341463414
EQUATE,0.4055299539170507,0.28154327424400416,0.5319148936170214,0.3147540983606557
