dataset,accuracy,F1-E,F1-C,F1-N
StressTest,0.93476465730801,0.9171974522292994,0.960427807486631,0.9202279202279203
RTE_Quant,0.6470588235294118,0.7000000000000001,-,0.5714285714285714
AWPNLI,0.9329608938547486,0.927710843373494,0.9375,-
NewsNLI,0.6962025316455697,0.6923076923076923,-,0.7000000000000001
RedditNLI,0.5901639344262295,0.7948717948717948,0.33333333333333337,0.15384615384615385
EQUATE,0.886217008797654,0.8667186282151208,0.9467248908296944,0.8411405295315684
