dataset,accuracy,F1-E,F1-C,F1-N
StressTest,0.9317995069843878,0.9160305343511451,0.9565217391304348,0.9163120567375886
RTE_Quant,0.625,0.4827586206896552,-,0.7058823529411765
AWPNLI,0.9329608938547486,0.927710843373494,0.9375,-
NewsNLI,0.6903765690376569,0.6864406779661018,-,0.6942148760330579
RedditNLI,0.5901639344262295,0.7948717948717948,0.33333333333333337,0.15384615384615385
EQUATE,0.8796082949308756,0.8586872586872588,0.9436253252385083,0.8339843750000001
